[
	{
		"title":"互联网+校园",
		"button":[
			"安全防护",
			"微信连接",
			"场景服务",
			"新闻发布",
			"数据管理"
		],
		"data" : [
			{
				"img" : [
					"image/t1-1-0.png",
					"image/t1-1-1.png"
				],
				"title" : "信息安全防护体系",
				"content" : "腾讯企业级安全防护，成系统的保护方案"
			},
			{
				"img" : [
					"image/t1-2-0.png",
					"image/t1-2-1.png"
				],
				"title" : "消息通知精准触达",
				"content" : "成熟微信无线通信技术，校园消息必定到达。通过微信连接师生、家长、学校。"
			},
			{
				"img" : [
					"image/t1-3-0.png",
					"image/t1-3-1.png"
				],
				"title" : "校园场景角色精准服务",
				"content" : "覆盖管理、办公、学习、生活、家校场景。服务学校、教师、学生、家长各类人群。"
			},
			{
				"img" : [
					"image/t1-4-0.png",
					"image/t1-4-1.png"
				],
				"title" : "学校新闻亿万关注",
				"content" : "接入腾讯网亿级媒体平台，助力校园新闻更大范围传播。"
			},
			{
				"img" : [
					"image/t1-5-0.png",
					"image/t1-5-1.png"
				],
				"title" : "校园数据跟踪服务",
				"content" : "学校运营数据分析，快速总结管理。"
			}
		]
	},
	
	{
		"title":"校园办公场景",
		"button":[
			"消息通知",
			"校长信箱",
			"校园活动",
			"校友会"
		],
		"data" : [
			{
				"title" : "消息通知，必能看到",
				"content" : "消息通知实时到达师生手机，历史消息可查看，不遗漏。"
			},
			{
				"title" : "校长信箱，在线交流",
				"content" : "广开言路，了解师生心声，营造健康舆论观， 在线沟通更便捷。"
			},
			{
				"title" : "校园活动，随时发起",
				"content" : "活动报名、在线组织更便捷。评论上墙、在线签到、抽奖，一键搞定。"
			},
			{
				"title" : "校友队伍，永不脱离",
				"content" : "校友组织，不因距离而脱离，时刻维系关系。在线组织活动、校友刊物发布更靠谱。"
			}
		]
	},
	
	{
		"title":"校园学习场景",
		"button":[
			"教室查询",
			"班级点名",
			"在线选课"
		],
		"data" : [
			{
				"title" : "课表不遗漏，占座有先机",
				"content" : "上课前提醒，课程变动有通知。查找身边的空自习室，抢座占位有先机。"
			},
			{
				"title" : "点名不用喊，微信来签到",
				"content" : "手机无线解决课程考勤老问题，一键点名签到、学期考勤汇总。学生宿舍睡觉，舍友伪装 答到的日子一去不返了。"
			},
			{
				"title" : "课程线上选，成绩实时查",
				"content" : "手机端实现在线选课、成绩查询功能。帮助学生制定最合适的学习计划。"
			}
		]
	},
	
	{
		"title":"校园生活场景",
		"button":[
			"费用缴纳",
			"校卡管理"
		],
		"data" : [
			{
				"title" : "餐费学费，移动支付",
				"content" : "微信支付解决一切缴费难题，学费、水电、手机，实时充值。"
			},
			{
				"title" : "接通校园卡，管理更方便",
				"content" : "连接校园卡，实现校园卡的充值、在线查询和管理。"
			}
		]
	},
	
	{
		"title":"校园办公场景",
		"button":[
			"办公审批",
			"财务管理",
			"日常考勤",
			"办公会议"
		],
		"data" : [
			{
				"title" : "办公审批，随时随地",
				"content" : "审批，考勤，会议微信发起和处理。重要事项定时通知，重要文件保密传达。"
			},
			{
				"title" : "工资实时查，报销更方便",
				"content" : "财务助手让财务管理更轻松。报销申请、工资信息实时查询。学校财务消息保密发送。"
			},
			{
				"title" : "教师不打卡，手机来考勤",
				"content" : "手机签到，开启考勤新模式。 定时提醒，防止忘签漏签。月底考勤记录一键查。"
			},
			{
				"title" : "办公会议，省时省力",
				"content" : "参会人员一目了然，会议室一键预定，个性化提醒防遗忘，内部资料分享更安全。"
			}
		]
	},
	
	{
		"title":"家校应用场景",
		"button":[
			"班级相册",
			"学生追踪",
			"网上家长会"
		],
		"data" : [
			{
				"title" : "班级相册，记录成长",
				"content" : "随时记录班级精彩瞬间。个人相册有特色，浏览查看更便捷，可以一键分享朋友圈。"
			},
			{
				"title" : "学生追踪，安全保障",
				"content" : "家长实时查询孩子地理位置，学生最后位置智能发送。了解孩子生活运动轨迹。"
			},
			{
				"title" : "家长会，网上开",
				"content" : "班主任在线发起家长会，邀请家长参与。家长老师实时沟通，打破时空限制。"
			}
		]
	}

]
